Северный поток-2: соратник Меркель Армин Лашет выступил за запуск российского газопровода ,Кандидат в канцлеры Германии от правящего блока Христианско-демократический союз / Христианско-социальный союз Армин Лашет выступил за запуск российского газопровода 'Северный поток-2'.,https://news.obozrevatel.com/abroad/soratnik-merkel-vyistupil-za-zapusk-severnogo-potoka-2.htm,Соратник Меркель выступил за запуск ''Северного потока-2'',Если Германия откажется от всех других источников энергии. то ей нужно будет больше газа. считает Армин Лашет,OBOZREVATEL NEWS,article,https://i.obozrevatel.com/news/2021/9/23/23-8.jpg?size=1200x630,image/jpg,1200px,630px,Соратник Меркель выступил за запуск ''Северного потока-2'',Если Германия откажется от всех других источников энергии. то ей нужно будет больше газа. считает Армин Лашет,https://i.obozrevatel.com/news/2021/9/23/23-8.jpg?size=1200x630,@obozrevatel_ua,summary_large_image,on,https://news.obozrevatel.com/abroad/soratnik-merkel-vyistupil-za-zapusk-severnogo-potoka-2.htm,https://news.obozrevatel.com/abroad/soratnik-merkel-vyistupil-za-zapusk-severnogo-potoka-2.htm,https://news.obozrevatel.com/ukr/abroad/soratnik-merkel-vistupiv-za-zapusk-pivnichnogo-potoku-2.htm,
Хроника коронавируса на 23 сентября: последние новости Украины и мира,По состоянию на четверг. 23 сентября. коронавирусом в Украине и мире заразились более 231.2 млн человек. За минувший день выявили 526 929 новых инфицированных. умерли еще 9292.,https://covid.obozrevatel.com/hronika-koronavirusa-na-23-sentyabrya-za-sutki-zaboleli-bolee-500-tyisyach-chelovek.htm,Украина ввела карантин. а в Moderna назвали сроки окончания пандемии. Хроника коронавируса на 23 сентября,Умерли 9 тысяч зараженных,OBOZREVATEL COVID,article,https://i.obozrevatel.com/news/2021/9/19/filestoragetemp-2021-09-19t223202-296.jfif?size=1200x630,image/jfif,1200px,630px,Украина ввела карантин. а в Moderna назвали сроки окончания пандемии. Хроника коронавируса на 23 сентября,Умерли 9 тысяч зараженных,https://i.obozrevatel.com/news/2021/9/19/filestoragetemp-2021-09-19t223202-296.jfif?size=1200x630,@obozrevatel_ua,summary_large_image,on,https://covid.obozrevatel.com/hronika-koronavirusa-na-23-sentyabrya-za-sutki-zaboleli-bolee-500-tyisyach-chelovek.htm,https://covid.obozrevatel.com/hronika-koronavirusa-na-23-sentyabrya-za-sutki-zaboleli-bolee-500-tyisyach-chelovek.htm,https://covid.obozrevatel.com/ukr/hronika-koronavirusu-na-23-veresnya-za-dobu-zahvorili-ponad-500-tisyach-osib.htm,
Покушение на Сергея Шефира - это попытка политического убийства - Валерий Кур,У главы Украины Владимира Зеленского наибольшее количество врагов. если сравнивать с другими президентами страны. и покушение на его помощника Сергея Шефира было настоящим.,https://incident.obozrevatel.com/crime/pokushenie-na-sergeya-shefira-eto-popyitka-politicheskogo-ubijstva-valerij-kur.htm,Экс-глава УБОПа – об обстреле авто Шефира: это попытка политического убийства,Эксперт заявил. что у Зеленского очень много врагов,OBOZREVATEL INCIDENT,article,https://i.obozrevatel.com/news/2021/9/23/shefir.jpg?size=1200x630,image/jpg,1200px,630px,Экс-глава УБОПа – об обстреле авто Шефира: это попытка политического убийства,Эксперт заявил. что у Зеленского очень много врагов,https://i.obozrevatel.com/news/2021/9/23/shefir.jpg?size=1200x630,@obozrevatel_ua,summary_large_image,on,https://incident.obozrevatel.com/crime/pokushenie-na-sergeya-shefira-eto-popyitka-politicheskogo-ubijstva-valerij-kur.htm,https://incident.obozrevatel.com/crime/pokushenie-na-sergeya-shefira-eto-popyitka-politicheskogo-ubijstva-valerij-kur.htm,https://incident.obozrevatel.com/ukr/crime/zamah-na-sergiya-shefira-tse-sproba-politichnogo-vbivstva-valerij-kur.htm,
В реке на Хмельнитчине массово гибнет рыба: на воде заметили пятна масла и запах аммиака. Фото | Последние новости Украины и Мира сегодня,В Хмельницкой облаcти в Случе масcово гибнeт рыба. В aкватории рeки зафикcировали мoр окoло 250 рыб различных видoв.Об этом сообщил Хмельницкий рыбоoхранный патруль в Facebook.,https://soc.obozrevatel.com/v-reke-na-hmelnitchine-massovo-gibnet-ryiba-na-vode-zametili-pyatna-masla-i-zapah-ammiaka-foto.htm,В реке на Хмельнитчине массово гибнет рыба: на воде заметили пятна масла и запах аммиака. Фото,Причину гибели рыбы должна установить экспертиза воды,OBOZREVATEL LIFE,article,https://i.obozrevatel.com/news/2021/9/23/23-5.jpg?size=1200x630,image/jpg,1200px,630px,В реке на Хмельнитчине массово гибнет рыба: на воде заметили пятна масла и запах аммиака. Фото,Причину гибели рыбы должна установить экспертиза воды,https://i.obozrevatel.com/news/2021/9/23/23-5.jpg?size=1200x630,@obozrevatel_ua,summary_large_image,on,https://soc.obozrevatel.com/v-reke-na-hmelnitchine-massovo-gibnet-ryiba-na-vode-zametili-pyatna-masla-i-zapah-ammiaka-foto.htm,https://soc.obozrevatel.com/v-reke-na-hmelnitchine-massovo-gibnet-ryiba-na-vode-zametili-pyatna-masla-i-zapah-ammiaka-foto.htm,https://soc.obozrevatel.com/ukr/u-richtsi-na-hmelnichchini-masovo-gine-riba-na-vodi-pomitili-maslyani-plyami-ta-zapah-amiaku-foto.htm,
Самые влиятельные знаки зодиака - гороскоп Близнецы. Скорпион. Овен. Дева. Телец,Астрологи издания Сhedonna определили пять знаков зодиака. которые легко достигают успеха. Они имеют  лидерские качества,https://astro.obozrevatel.com/news/pyat-znakov-zodiaka-legko-dostigayut-uspeha-oni-imeyut-dengi-i-vliyanie.htm,Пять знаков зодиака легко достигают успеха: они имеют деньги и влияние,Они являются отличным примером для подражания,OBOZREVATEL ASTRO,article,https://i.obozrevatel.com/news/2021/9/21/photo2021-09-2117-30-34.jpg?size=1200x630,image/jpg,1200px,630px,Пять знаков зодиака легко достигают успеха: они имеют деньги и влияние,Они являются отличным примером для подражания,https://i.obozrevatel.com/news/2021/9/21/photo2021-09-2117-30-34.jpg?size=1200x630,@obozrevatel_ua,summary_large_image,on,https://astro.obozrevatel.com/news/pyat-znakov-zodiaka-legko-dostigayut-uspeha-oni-imeyut-dengi-i-vliyanie.htm,https://astro.obozrevatel.com/news/pyat-znakov-zodiaka-legko-dostigayut-uspeha-oni-imeyut-dengi-i-vliyanie.htm,https://astro.obozrevatel.com/ukr/news/pyat-znakiv-zodiaku-legko-dosyagayut-uspihu-voni-mayut-groshi-i-vpliv.htm,
В Киеве открыли казино "Шангри Ла" и анонсировали новую локацию | Последние новости Украины и Мира сегодня,В центре Киева состоялась вечеринка в честь открытия первого в стране международного казино Шангри Ла.,https://hub.obozrevatel.com/v-kieve-otkryili-kazino-shangri-la-i-anonsirovali-novuyu-lokatsiyu.htm,В Киеве открыли казино ''Шангри Ла'' и анонсировали новую локацию,Торжественное мероприятие состоялось в пятизвездочном отеле Fairmont Grand Hotel,HUB OBOZREVATEL,article,https://i.obozrevatel.com/news/2021/9/21/whatsapp-image-2021-09-20-at-20-19-37.jpeg?size=1200x630,image/jpeg,1200px,630px,В Киеве открыли казино ''Шангри Ла'' и анонсировали новую локацию,Торжественное мероприятие состоялось в пятизвездочном отеле Fairmont Grand Hotel,https://i.obozrevatel.com/news/2021/9/21/whatsapp-image-2021-09-20-at-20-19-37.jpeg?size=1200x630,@obozrevatel_ua,summary_large_image,on,https://hub.obozrevatel.com/v-kieve-otkryili-kazino-shangri-la-i-anonsirovali-novuyu-lokatsiyu.htm,https://hub.obozrevatel.com/v-kieve-otkryili-kazino-shangri-la-i-anonsirovali-novuyu-lokatsiyu.htm,https://hub.obozrevatel.com/ukr/u-kievi-vidkrili-kazino-shangri-la-i-anonsuvali-novu-lokatsiyu.htm,
В Одесской области пронесся пылевой выхрь - видео,В воскресенье. 12 сентября. в селе Кремидовка Одесской области зафиксировали пылевой вихрь. известный еще как 'пылевой дьявол'. Атмосферное явление произошло в 34 км от Одессы.,https://www.obozrevatel.com/odesa/v-odesskoj-oblasti-pronessya-pyilevoj-dyavol-prirodnoe-yavlenie-popalo-na-video.htm,В Одесской области пронесся ''пылевой дьявол'': природное явление попало на видео,Явление произошло в 34 км от Одессы,OBOZREVATEL,article,https://i.obozrevatel.com/news/2021/9/12/filestoragetemp9.jpg?size=1200x630,image/jpg,1200px,630px,В Одесской области пронесся ''пылевой дьявол'': природное явление попало на видео,Явление произошло в 34 км от Одессы,https://i.obozrevatel.com/news/2021/9/12/filestoragetemp9.jpg?size=1200x630,@obozrevatel_ua,summary_large_image,on,https://www.obozrevatel.com/odesa/v-odesskoj-oblasti-pronessya-pyilevoj-dyavol-prirodnoe-yavlenie-popalo-na-video.htm,https://www.obozrevatel.com/odesa/v-odesskoj-oblasti-pronessya-pyilevoj-dyavol-prirodnoe-yavlenie-popalo-na-video.htm,https://www.obozrevatel.com/ukr/odesa/v-odeskij-oblasti-pronissya-pilovij-diyavol-prirodne-yavische-potrapilo-na-video.htm,
Светлана Фус: Какие проблемы поможет решить ходьба,Знаете ли вы. что движение. физическая активность улучшает работу всего организма? Предотвращает ожирение и нарушение обмена веществ. но. прежде всего. укрепляет иммунитет и позволяет сохранять ...,https://healthnews.obozrevatel.com/pojdem-k-zdorovyu-kakie-problemyi-pomozhet-reshit-hodba.htm,Светлана Фус: Пойдем к здоровью? Какие проблемы поможет решить ходьба,Ежедневно необходимо делать не менее 7 000 шагов - и результаты не заставят себя ждать,OBOZREVATEL HEALTH,article,https://i.obozrevatel.com/news/2021/9/19/filestoragetemp-93.jpg?size=1200x630,image/jpg,1200px,630px,Светлана Фус: Пойдем к здоровью? Какие проблемы поможет решить ходьба,Ежедневно необходимо делать не менее 7 000 шагов - и результаты не заставят себя ждать,https://i.obozrevatel.com/news/2021/9/19/filestoragetemp-93.jpg?size=1200x630,@obozrevatel_ua,summary_large_image,on,https://healthnews.obozrevatel.com/pojdem-k-zdorovyu-kakie-problemyi-pomozhet-reshit-hodba.htm,https://healthnews.obozrevatel.com/pojdem-k-zdorovyu-kakie-problemyi-pomozhet-reshit-hodba.htm,https://healthnews.obozrevatel.com/ukr/hodimo-do-zdorovya-yaki-problemi-dopomozhe-virishiti-hodba.htm,
Меган Фокс и Кортни Кардашьян голые снялись для рекламы белья Ким Кардашьян - фото 18+,Голливудская актриса Меган Фокс и бизнесвумен Кортни Кардашьян снялись в откровенной фотосессии без бюстгальтеров. Они позировали в одних трусах. лежа на полу.,https://hot.obozrevatel.com/show/paparazzi/megan-foks-i-kortni-kardashyan-snyalis-toples-v-goryachej-fotosessii.htm,Меган Фокс и Кортни Кардашьян снялись топлес в горячей фотосессии,Они засветили пышные формы,OBOZREVATEL HOT,article,https://i.obozrevatel.com/news/2021/9/23/2952e580-30a0-4954-bbb1-8d7745bdc040.jpg?size=1200x630,image/jpg,1200px,630px,Меган Фокс и Кортни Кардашьян снялись топлес в горячей фотосессии,Они засветили пышные формы,https://i.obozrevatel.com/news/2021/9/23/2952e580-30a0-4954-bbb1-8d7745bdc040.jpg?size=1200x630,@obozrevatel_ua,summary_large_image,on,https://hot.obozrevatel.com/show/paparazzi/megan-foks-i-kortni-kardashyan-snyalis-toples-v-goryachej-fotosessii.htm,https://hot.obozrevatel.com/show/paparazzi/megan-foks-i-kortni-kardashyan-snyalis-toples-v-goryachej-fotosessii.htm,https://hot.obozrevatel.com/ukr/show/paparazzi/megan-foks-i-kortni-kardashyan-znyalisya-toples-u-garyachij-fotosesii.htm,
Північний потік-2: соратник Меркель Армін Лашет виступив за запуск російського газопроводу,Кандидат в канцлери Німеччини від правлячого блоку Християнсько-демократичний союз /Християнсько-соціальний союз Армін Лашет виступив за запуск російського газопроводу 'Північний потік-2'.,https://news.obozrevatel.com/ukr/abroad/soratnik-merkel-vistupiv-za-zapusk-pivnichnogo-potoku-2.htm,Соратник Меркель виступив за запуск ''Північного потоку-2'', Якщо Німеччина відмовиться від усіх інших джерел енергії. то їй потрібно буде більше газу. вважає Армін Лашет,OBOZREVATEL NEWS,article,https://i.obozrevatel.com/news/2021/9/23/23-8.jpg?size=1200x630,image/jpg,1200px,630px,Соратник Меркель виступив за запуск ''Північного потоку-2'', Якщо Німеччина відмовиться від усіх інших джерел енергії. то їй потрібно буде більше газу. вважає Армін Лашет,https://i.obozrevatel.com/news/2021/9/23/23-8.jpg?size=1200x630,@obozrevatel_ua,summary_large_image,on,https://news.obozrevatel.com/ukr/abroad/soratnik-merkel-vistupiv-za-zapusk-pivnichnogo-potoku-2.htm,https://news.obozrevatel.com/abroad/soratnik-merkel-vyistupil-za-zapusk-severnogo-potoka-2.htm,https://news.obozrevatel.com/ukr/abroad/soratnik-merkel-vistupiv-za-zapusk-pivnichnogo-potoku-2.htm,
Хроніка коронавірусу на 23 вересня: останні новини України і світу,Станом на четвер. 23 вересня. коронавірусом в Україні та світі заразилися понад 231.2 млн осіб. За минулий день виявили 526 929 нових інфікованих. померли ще 9292.,https://covid.obozrevatel.com/ukr/hronika-koronavirusu-na-23-veresnya-za-dobu-zahvorili-ponad-500-tisyach-osib.htm,Україна ввела карантин. а в Moderna назвали терміни закінчення пандемії. Хроніка коронавірусу на 23 вересня,Померли 9 тисяч заражених,OBOZREVATEL COVID,article,https://i.obozrevatel.com/news/2021/9/19/filestoragetemp-2021-09-19t223202-296.jfif?size=1200x630,image/jfif,1200px,630px,Україна ввела карантин. а в Moderna назвали терміни закінчення пандемії. Хроніка коронавірусу на 23 вересня,Померли 9 тисяч заражених,https://i.obozrevatel.com/news/2021/9/19/filestoragetemp-2021-09-19t223202-296.jfif?size=1200x630,@obozrevatel_ua,summary_large_image,on,https://covid.obozrevatel.com/ukr/hronika-koronavirusu-na-23-veresnya-za-dobu-zahvorili-ponad-500-tisyach-osib.htm,https://covid.obozrevatel.com/hronika-koronavirusa-na-23-sentyabrya-za-sutki-zaboleli-bolee-500-tyisyach-chelovek.htm,https://covid.obozrevatel.com/ukr/hronika-koronavirusu-na-23-veresnya-za-dobu-zahvorili-ponad-500-tisyach-osib.htm,
Замах на Сергія Шефіра - це спроба політичного вбивства - Валерій Кур,У глави України Володимира Зеленського найбільша кількість ворогів. якщо порівнювати з іншими президентами країни. і замах на його помічника Сергія Шефіра був справжнім.,https://incident.obozrevatel.com/ukr/crime/zamah-na-sergiya-shefira-tse-sproba-politichnogo-vbivstva-valerij-kur.htm,Ексглава УБОЗу – про обстріл авто Шефіра: це спроба політичного вбивства,Експерт заявив. що в Зеленського дуже багато ворогів,OBOZREVATEL INCIDENT,article,https://i.obozrevatel.com/news/2021/9/23/shefir.jpg?size=1200x630,image/jpg,1200px,630px,Ексглава УБОЗу – про обстріл авто Шефіра: це спроба політичного вбивства,Експерт заявив. що в Зеленського дуже багато ворогів,https://i.obozrevatel.com/news/2021/9/23/shefir.jpg?size=1200x630,@obozrevatel_ua,summary_large_image,on,https://incident.obozrevatel.com/ukr/crime/zamah-na-sergiya-shefira-tse-sproba-politichnogo-vbivstva-valerij-kur.htm,https://incident.obozrevatel.com/crime/pokushenie-na-sergeya-shefira-eto-popyitka-politicheskogo-ubijstva-valerij-kur.htm,https://incident.obozrevatel.com/ukr/crime/zamah-na-sergiya-shefira-tse-sproba-politichnogo-vbivstva-valerij-kur.htm,
У річці на Хмельниччині масово гине риба: на воді помітили масляні плями та запах аміаку. Фото | Останні новини України та Світу сьогодні,На Хмeльниччині в Случі маcово гине рибa. В aкваторії річки зaфіксували мoр близькo 250 рибин різних видів.Про це повідомив Хмельницький рибоoхоронний патруль у Facebook.,https://soc.obozrevatel.com/ukr/u-richtsi-na-hmelnichchini-masovo-gine-riba-na-vodi-pomitili-maslyani-plyami-ta-zapah-amiaku-foto.htm,У річці на Хмельниччині масово гине риба: на воді помітили масляні плями та запах аміаку. Фото,Причину гибелі риби має встановити експертиза води,OBOZREVATEL LIFE,article,https://i.obozrevatel.com/news/2021/9/23/23-5.jpg?size=1200x630,image/jpg,1200px,630px,У річці на Хмельниччині масово гине риба: на воді помітили масляні плями та запах аміаку. Фото,Причину гибелі риби має встановити експертиза води,https://i.obozrevatel.com/news/2021/9/23/23-5.jpg?size=1200x630,@obozrevatel_ua,summary_large_image,on,https://soc.obozrevatel.com/ukr/u-richtsi-na-hmelnichchini-masovo-gine-riba-na-vodi-pomitili-maslyani-plyami-ta-zapah-amiaku-foto.htm,https://soc.obozrevatel.com/v-reke-na-hmelnitchine-massovo-gibnet-ryiba-na-vode-zametili-pyatna-masla-i-zapah-ammiaka-foto.htm,https://soc.obozrevatel.com/ukr/u-richtsi-na-hmelnichchini-masovo-gine-riba-na-vodi-pomitili-maslyani-plyami-ta-zapah-amiaku-foto.htm,
Найвпливовіші знаки зодіаку - гороскоп Близнюки. Скорпіон. Овен. Діва. Телець,Астрологи видання Сhedonna визначили п'ять знаків зодіаку. які легко досягають успіху. Вони мають лідерські якості,https://astro.obozrevatel.com/ukr/news/pyat-znakiv-zodiaku-legko-dosyagayut-uspihu-voni-mayut-groshi-i-vpliv.htm,П'ять знаків зодіаку легко досягають успіху: вони мають гроші і вплив,Вони є чудовим прикладом для наслідування,OBOZREVATEL ASTRO,article,https://i.obozrevatel.com/news/2021/9/21/photo2021-09-2117-30-34.jpg?size=1200x630,image/jpg,1200px,630px,П'ять знаків зодіаку легко досягають успіху: вони мають гроші і вплив,Вони є чудовим прикладом для наслідування,https://i.obozrevatel.com/news/2021/9/21/photo2021-09-2117-30-34.jpg?size=1200x630,@obozrevatel_ua,summary_large_image,on,https://astro.obozrevatel.com/ukr/news/pyat-znakiv-zodiaku-legko-dosyagayut-uspihu-voni-mayut-groshi-i-vpliv.htm,https://astro.obozrevatel.com/news/pyat-znakov-zodiaka-legko-dostigayut-uspeha-oni-imeyut-dengi-i-vliyanie.htm,https://astro.obozrevatel.com/ukr/news/pyat-znakiv-zodiaku-legko-dosyagayut-uspihu-voni-mayut-groshi-i-vpliv.htm,
У Києві відкрили казино "Шангрі Ла" й анонсували нову локацію | Останні новини України та Світу сьогодні,У центрі Києва відбулася вечірка на честь відкриття першого в країні міжнародного казино 'Шангрі Ла'.,https://hub.obozrevatel.com/ukr/u-kievi-vidkrili-kazino-shangri-la-i-anonsuvali-novu-lokatsiyu.htm,У Києві відкрили казино ''Шангрі Ла'' й анонсували нову локацію,Урочистий захід відбувся у п'ятизірковому готелі Fairmont Grand Hotel,HUB OBOZREVATEL,article,https://i.obozrevatel.com/news/2021/9/21/whatsapp-image-2021-09-20-at-20-19-37.jpeg?size=1200x630,image/jpeg,1200px,630px,У Києві відкрили казино ''Шангрі Ла'' й анонсували нову локацію,Урочистий захід відбувся у п'ятизірковому готелі Fairmont Grand Hotel,https://i.obozrevatel.com/news/2021/9/21/whatsapp-image-2021-09-20-at-20-19-37.jpeg?size=1200x630,@obozrevatel_ua,summary_large_image,on,https://hub.obozrevatel.com/ukr/u-kievi-vidkrili-kazino-shangri-la-i-anonsuvali-novu-lokatsiyu.htm,https://hub.obozrevatel.com/v-kieve-otkryili-kazino-shangri-la-i-anonsirovali-novuyu-lokatsiyu.htm,https://hub.obozrevatel.com/ukr/u-kievi-vidkrili-kazino-shangri-la-i-anonsuvali-novu-lokatsiyu.htm,
В Одеській області пронісся пиловий вихор - відео,У неділю. 12 вересня. в селі Кремидівка Одеської області зафіксували пиловий вихор. відомий ще як 'пиловий диявол'. Атмосферне явище трапилоася в 34 км від Одеси.,https://www.obozrevatel.com/ukr/odesa/v-odeskij-oblasti-pronissya-pilovij-diyavol-prirodne-yavische-potrapilo-na-video.htm,В Одеській області пронісся ''пиловий диявол'': природне явище потрапило на відео,Явище сталося в 34 км від Одеси,OBOZREVATEL,article,https://i.obozrevatel.com/news/2021/9/12/filestoragetemp9.jpg?size=1200x630,image/jpg,1200px,630px,В Одеській області пронісся ''пиловий диявол'': природне явище потрапило на відео,Явище сталося в 34 км від Одеси,https://i.obozrevatel.com/news/2021/9/12/filestoragetemp9.jpg?size=1200x630,@obozrevatel_ua,summary_large_image,on,https://www.obozrevatel.com/ukr/odesa/v-odeskij-oblasti-pronissya-pilovij-diyavol-prirodne-yavische-potrapilo-na-video.htm,https://www.obozrevatel.com/odesa/v-odesskoj-oblasti-pronessya-pyilevoj-dyavol-prirodnoe-yavlenie-popalo-na-video.htm,https://www.obozrevatel.com/ukr/odesa/v-odeskij-oblasti-pronissya-pilovij-diyavol-prirodne-yavische-potrapilo-na-video.htm,
Світлана Фус: Які проблеми допоможе вирішити ходьба,Чи знаєте ви. що рух. фізична активність покращує роботу всього організму? Запобігає ожирінню і порушенню обміну речовин. але. перш за все. зміцнює імунітет і дозволяє зберігати здорове серце.,https://healthnews.obozrevatel.com/ukr/hodimo-do-zdorovya-yaki-problemi-dopomozhe-virishiti-hodba.htm,Світлана Фус: Ходімо до здоров’я? Які проблеми допоможе вирішити ходьба,Щодня необхідно робити не менше 7 тисяч кроків - і результати не забаряться,OBOZREVATEL HEALTH,article,https://i.obozrevatel.com/news/2021/9/19/filestoragetemp-93.jpg?size=1200x630,image/jpg,1200px,630px,Світлана Фус: Ходімо до здоров’я? Які проблеми допоможе вирішити ходьба,Щодня необхідно робити не менше 7 тисяч кроків - і результати не забаряться,https://i.obozrevatel.com/news/2021/9/19/filestoragetemp-93.jpg?size=1200x630,@obozrevatel_ua,summary_large_image,on,https://healthnews.obozrevatel.com/ukr/hodimo-do-zdorovya-yaki-problemi-dopomozhe-virishiti-hodba.htm,https://healthnews.obozrevatel.com/pojdem-k-zdorovyu-kakie-problemyi-pomozhet-reshit-hodba.htm,https://healthnews.obozrevatel.com/ukr/hodimo-do-zdorovya-yaki-problemi-dopomozhe-virishiti-hodba.htm,
Меган Фокс і Кортні Кардаш'ян голі знялися для реклами білизни Кім Кардаш'ян - фото 18+,Голлівудська актриса Меган Фокс і бізнесвумен Кортні Кардаш'ян знялися у відвертій фотосесії без бюстгальтерів. Вони позували в одних трусах. лежачи на підлозі.,https://hot.obozrevatel.com/ukr/show/paparazzi/megan-foks-i-kortni-kardashyan-znyalisya-toples-u-garyachij-fotosesii.htm,Меган Фокс і Кортні Кардаш'ян знялися топлес у гарячій фотосесії,Вони засвітили пишні форми,OBOZREVATEL HOT,article,https://i.obozrevatel.com/news/2021/9/23/2952e580-30a0-4954-bbb1-8d7745bdc040.jpg?size=1200x630,image/jpg,1200px,630px,Меган Фокс і Кортні Кардаш'ян знялися топлес у гарячій фотосесії,Вони засвітили пишні форми,https://i.obozrevatel.com/news/2021/9/23/2952e580-30a0-4954-bbb1-8d7745bdc040.jpg?size=1200x630,@obozrevatel_ua,summary_large_image,on,https://hot.obozrevatel.com/ukr/show/paparazzi/megan-foks-i-kortni-kardashyan-znyalisya-toples-u-garyachij-fotosesii.htm,https://hot.obozrevatel.com/show/paparazzi/megan-foks-i-kortni-kardashyan-snyalis-toples-v-goryachej-fotosessii.htm,https://hot.obozrevatel.com/ukr/show/paparazzi/megan-foks-i-kortni-kardashyan-znyalisya-toples-u-garyachij-fotosesii.htm,
